text_id,text_title,author_name,author_biography,form_name,genre_name,subject_name,language_name,reference_name,place,publisher,publication_year,copy_type,pages,copy_year,catalog_status,notes
1,Iʿānat al-mutaʿallim wa ifādat al-mutakallim fī al-lugha al-ʿarabiyya,ABŪ BAKR ṢIDDĪQ B. MUḤAMMAD AL-WUSHĪSH,NULL,Poetry,Didactic,Arabic Language,Arabic,ALA II,Kano,A. Tijjani Muhd Danjinjiri & Sons,2001,Copy in TijProj,48,Unknown,uncat.,"A poem with marginal notes (hāshiya) on how to teach Arabic. It also includes the Qāʿidat al-Baghdādiyya, Ighāthat al-buladā’ of Sh. Abū Bakr ʿAtīq. Begins: Kayf aṣbaḥta yā Muḥammad/bi-khayr wa ʿāfiyatin wa kayf aṣbaḥa"
2,Marthiyyat al-Shaykh Aḥmad Danganagi,ABŪ BAKR b. MUḤAMMAD AL-AWWAL b. SULAYMĀN B. HĀRŪN (Liman Daka),"Lived in Gbajigi, a neighborhood of Bida",Poetry,Elegy,Aḥmad Danganagi (q.v.),Arabic,NOT IN ALA II,Unknown,Unknown,Unknown,Photocopy of ms in TijProj ,5,Unknown,uncat.,NULL
3,Jadhb al-wildān ilā ḥubb khayr al-ʿAdnān,AḤMAD b. AL-ḤĀJJ AL-SHAYKH AL-MAQŪLAWĪ AL-BIDAWĪ,NULL,Poetry,Didactic,Prophet,Arabic,NOT IN ALA II,Unknown,Unknown,Unknown,Copy in TijProj,7,2001,uncat.,"A poem on the life, genealogy, etc of the Prophet. Begins: Muḥammad ʿAbd Allāh Shaybah Hāshim/ Manāf Quṣayy maʿa Kilāb wa Murra"
4,Marthiyyat muḥibb al-nājī li-al-Shaykh Ādam al-Rājī,AḤMAD b. AL-ḤĀJJ AL-SHAYKH AL-MAQŪLAWĪ AL-BIDAWĪ,NULL,Poetry,Elegy,Ᾱdam al-Rājī,Arabic,Unknown,Maine,No publisher,2005,Copy in TijProj,3,Unknown,uncat.,Begins: Ḥamdan li-Rabbī Khāliqī al-Bāqī/Yuḥyī yumīt jalla Rabbī al-Wāqī
5,Sayr al-himma ilā ḥaḍrat al-muhimma,AḤMAD b. AL-ḤĀJJ AL-SHAYKH AL-MAQŪLAWĪ AL-BIDAWĪ,NULL,Poetry,Travelogue,Pilgrimage,Arabic,Unknown,Bida,Abuson Print,2007,Copy in TijProj,21,Unknown,uncat.,"A 113-verse poem detailing his travels to Makkah, Medina, and his visitation to the burial site of the Prophet Muḥammad, as well as his companions, among other things.  It has a foreword written by Sh. Mūsā ʿAbd Allāh.Begins: Khurūjunā min baldatī nahāran/buʿayd ʿaṣr qaṣdunā maṭāran"
6,al-Shāshat li-taṣwīr dhī al-bashāsha,AḤMAD b. AL-ḤĀJJ AL-SHAYKH AL-MAQŪLAWĪ AL-BIDAWĪ,NULL,Poetry,Elegy,‘Abd Allāh Jibrīl,Arabic,Unknown,Maine,No publisher,2000,Copy in TijProj,NULL,Unknown,uncat.,".). An elegy of Sh. ʿAbd Allāh Jibrīl (d. 2000), also known as Mantuntū. Begins: Wa ḥamdī wa’l-thanā’ yā Qayyūm/ilayka qad yadūm yā Ḥakīm"
7,Tafjirat al-qanābīl al-khiyārī ʿalā al-Yahūd wa’l-Naṣārā,AḤMAD b. AL-ḤĀJJ AL-SHAYKH AL-MAQŪLAWĪ AL-BIDAWĪ,NULL,Poetry,Invective,Jews and Christians,Arabic,Unknown,Bida,Abuson Print,2006,Photopy in TijProj,6,Unknown,uncat.,"A poem attacking Christians and Jews, written after the Danish drawing of the Prophet Muḥammad. Begins: Allāh akbar lā ilāhā illā Allāh/ Allāh akbar Tāhā Rasūl Allāh"
8,Cika guri rayuwa sai Allah,AḤMAD B. ḤASAN BABA INNA,"A son of Ḥasan Baba Inna, he was based in Fogun, in the ancient part of Bida",Prose,Didactic,Occult,Hausa (ajami),Unknown,Maine,No publisher,No date,Copy in TijProj,22,Unknown,uncat.,A small booklet of geomancy
9,Kitāb al-Ḥikam,AḤMAD B. ʿĪSĀ DANGANAGI,"He was based in Fogun, in the ancient part of Bida",Prose,Aphorism,Misc,Arabic,NOT IN ALA II,Unknown,Unknown,Unknown,Photocopy of ms in TijProj,61,Unknown,uncat.,"A book of iaphorisms. Followed at the end by a foreword written by author’s student, Yaḥyā b. ‘Abd Allāh Jibrīl"
10,Q. marthiyya,AḤMAD B. ʿĪSĀ DANGANAGI,"He was based in Fogun, in the ancient part of Bida",Poetry,Elegy,Muḥammad b. ʿAbd Allāh,Arabic,NOT IN ALA II,Unknown,Unknown,Unknown,Photocopy of ms in TijProj,5,Unknown,uncat.,Begins: Subḥāna man qad kāna mā yashā’/ wa lam yakun mā huwa lam yashā’
11,Qaṣīda,AḤMAD B. ʿĪSĀ DANGANAGI,"He was based in Fogun, in the ancient part of Bida",Poetry,Unknown,Unknown,Nupe (ajami),NOT IN ALA II,Unknown,Unknown,Unknown,Photocopy of ms in TijProj,NULL,Unknown,uncat.,NULL
12,Ḍiyā’ al-baṣīra,ḤAMZA B. YAḤYĀ BAGUDU," His mother was the junior sister of Etsu Nupe ‘Uthmān. The family affiliated to the Fayḍa in the early 1960s through ‘Abd al-Qādir of Zaria. Most of his writings were intended to be read during the Mawlid celebrations, when they were translated into Hausa and Nupe for public consumption",Misc,Didactic,Prophet,Arabic,NOT IN ALA II,Unknown,Unknown,Unknown,Ms in the possession of Sa‘īd b. Yaḥyā (Bida),NULL,Unknown,Unknown,"On the marriage of ‘Abdallāh and Āmina and the birth of the Prophet. Partly in prose, partly in verse"
13,Ḍiyā’ al-mawlid,ḤAMZA B. YAḤYĀ BAGUDU," His mother was the junior sister of Etsu Nupe ‘Uthmān. The family affiliated to the Fayḍa in the early 1960s through ‘Abd al-Qādir of Zaria. Most of his writings were intended to be read during the Mawlid celebrations, when they were translated into Hausa and Nupe for public consumption",Misc,Didactic,Prophet,Arabic,NOT IN ALA II,Unknown,Unknown,Unknown,Ms in the possession of Sa‘īd b. Yaḥyā (Bida),NULL,Unknown,Unknown,"Ms in the possession of Sa‘īd b. Yaḥyā (Bida). On Ḥalīma al-Sa‘diyya as well as on the Prophet’s entry in Yathrib/Medina. Partly in prose, partly in verse"
14,Iḥkām al-taqwā,ḤAMZA B. YAḤYĀ BAGUDU," His mother was the junior sister of Etsu Nupe ‘Uthmān. The family affiliated to the Fayḍa in the early 1960s through ‘Abd al-Qādir of Zaria. Most of his writings were intended to be read during the Mawlid celebrations, when they were translated into Hausa and Nupe for public consumption",Misc,Didactic,Prophet,Arabic,NOT IN ALA II,Unknown,Unknown,Unknown,Ms in the possession of Sa‘īd b. Yaḥyā (Bida),NULL,Unknown,Unknown,"Ms in the possession of Sa‘īd b. Yaḥyā (Bida). Focusing on the death of the Prophet. Partly in prose, partly in verse"
15,Iḥyā’ laylat al-mawlid,ḤAMZA B. YAḤYĀ BAGUDU," His mother was the junior sister of Etsu Nupe ‘Uthmān. The family affiliated to the Fayḍa in the early 1960s through ‘Abd al-Qādir of Zaria. Most of his writings were intended to be read during the Mawlid celebrations, when they were translated into Hausa and Nupe for public consumption",Prose,Hagiography,Ḥasan b. ‘Alī; Ḥusayn b. ‘Alī,Arabic,NOT IN ALA II,Unknown,Unknown,Unknown,Ms in the possession of Sa‘īd b. Yaḥyā (Bida),NULL,Unknown,Unknown,Ms in the possession of Sa‘īd b. Yaḥyā (Bida)
16,al-Isrā’ wa’l-mi‘rāj,ḤAMZA B. YAḤYĀ BAGUDU," His mother was the junior sister of Etsu Nupe ‘Uthmān. The family affiliated to the Fayḍa in the early 1960s through ‘Abd al-Qādir of Zaria. Most of his writings were intended to be read during the Mawlid celebrations, when they were translated into Hausa and Nupe for public consumption",Prose,Devotional,Prophet,Arabic,NOT IN ALA II,Unknown,Unknown,Unknown,Ms in the possession of Sa‘īd b. Yaḥyā (Bida),NULL,Unknown,Unknown,Ms in the possession of Sa‘īd b. Yaḥyā (Bida)
17,Liqā’ al-qulūb,ḤAMZA B. YAḤYĀ BAGUDU," His mother was the junior sister of Etsu Nupe ‘Uthmān. The family affiliated to the Fayḍa in the early 1960s through ‘Abd al-Qādir of Zaria. Most of his writings were intended to be read during the Mawlid celebrations, when they were translated into Hausa and Nupe for public consumption",Prose,Hagiography,‘Alī b. Abī Ṭālib,Arabic,NOT IN ALA II,Unknown,Unknown,Unknown,Ms in the possession of Sa‘īd b. Yaḥyā (Bida),NULL,Unknown,Unknown,Ms in the possession of Sa‘īd b. Yaḥyā (Bida)
18,Manārat al-majd,ḤAMZA B. YAḤYĀ BAGUDU," His mother was the junior sister of Etsu Nupe ‘Uthmān. The family affiliated to the Fayḍa in the early 1960s through ‘Abd al-Qādir of Zaria. Most of his writings were intended to be read during the Mawlid celebrations, when they were translated into Hausa and Nupe for public consumption",Misc,Didactic,Prophet,Arabic,NOT IN ALA II,Unknown,Unknown,Unknown,Photocopy of ms in the possession of Sa‘īd b. Yaḥyā (Bida),NULL,Unknown,Unknown,"On the miracles on the Prophet, contains also a section on the martyrdom of Ḥusayn b. ‘Alī"
19,Miqdār ṭāqatī fī qiṣṣat sabab wafāt Ḥusayn,ḤAMZA B. YAḤYĀ BAGUDU," His mother was the junior sister of Etsu Nupe ‘Uthmān. The family affiliated to the Fayḍa in the early 1960s through ‘Abd al-Qādir of Zaria. Most of his writings were intended to be read during the Mawlid celebrations, when they were translated into Hausa and Nupe for public consumption",Prose,Hagiography,Ḥusayn b. ‘Alī,Arabic,NOT IN ALA II,Unknown,Unknown,Unknown,Ms in the possession of Sa‘īd b. Yaḥyā (Bida),NULL,Unknown,Unknown,On the killing of Ḥusayn b. ‘Alī
20,Mīzāb al-raḥma fī iḥyā’ laylat al-mawlid,ḤAMZA B. YAḤYĀ BAGUDU," His mother was the junior sister of Etsu Nupe ‘Uthmān. The family affiliated to the Fayḍa in the early 1960s through ‘Abd al-Qādir of Zaria. Most of his writings were intended to be read during the Mawlid celebrations, when they were translated into Hausa and Nupe for public consumption",Misc,Devotional,Prophet,Arabic,NOT IN ALA II,Unknown,Unknown,Unknown,Photocopy  in the possession of Sa‘id b. Ya?ya (Bida),NULL,Unknown,Unknown,NULL
21,Mu‘jizāt al-nabiyy,ḤAMZA B. YAḤYĀ BAGUDU," His mother was the junior sister of Etsu Nupe ‘Uthmān. The family affiliated to the Fayḍa in the early 1960s through ‘Abd al-Qādir of Zaria. Most of his writings were intended to be read during the Mawlid celebrations, when they were translated into Hausa and Nupe for public consumption",Misc,Devotional,Prophet,Arabic,NOT IN ALA II,Unknown,Unknown,Unknown,Photocopy in the possession of Sa‘īd b. Yaḥyā (Bida),NULL,Unknown,Unknown,NULL
22,Fawz al-muslimīn fī ḥubb al-khulafā’ al-rāshidīn,ḤASAN B. AḤMAD DANGANAGI (Baba Inna),"1938-2006. A son of Malam Danganagi (q.v.), his mother Ḥalīma was the daughter of Wazirin Bida Muḥammad (q.v.). He was born in Owo (Ile-Ife), but grew up in Bida. He began his studies with Yaḥyā b. ‘Īsā and Sani Makwalla amongst others. When the first Islamiyya school opened in Bida in 1953 (under the patronage of ‘Abd al-Qādr b. ‘Alī, q.v.), he enrolled there and studied under ‘Alī Gusau and Idrīs b. Muḥammad Ɗandume (q.v.). Then he went to Kano for further formal studies at the School of Arabic Studies, as well as informal studies in the circle of Ismā‘īl Sagagi. He taught at an Islamiyya school in Bida, and animated a private study circle in his house",Prose,Hagiography,Misc,Arabic,NOT IN ALA II,Unknown,Unknown,Unknown,Unknown,NULL,Unknown,Unknown,"Biographies of the four first caliphs, drawn from al-Suyūṭī’s al-Khulafā’ al-rāshidūn"
23,Naṣīḥā alqāha al-Ḥājj Ḥasan,ḤASAN B. AḤMAD DANGANAGI (Baba Inna),"1938-2006. A son of Malam Danganagi (q.v.), his mother Ḥalīma was the daughter of Wazirin Bida Muḥammad (q.v.). He was born in Owo (Ile-Ife), but grew up in Bida. He began his studies with Yaḥyā b. ‘Īsā and Sani Makwalla amongst others. When the first Islamiyya school opened in Bida in 1953 (under the patronage of ‘Abd al-Qādr b. ‘Alī, q.v.), he enrolled there and studied under ‘Alī Gusau and Idrīs b. Muḥammad Ɗandume (q.v.). Then he went to Kano for further formal studies at the School of Arabic Studies, as well as informal studies in the circle of Ismā‘īl Sagagi. He taught at an Islamiyya school in Bida, and animated a private study circle in his house",Prose,Homiletic,Ethics,Arabic,NOT IN ALA II,Unknown,Unknown,Unknown,Ms in the possession of the Danganagi family (Bida),5,1997,Unknown,NULL
24,Q. nūniyya,ḤASAN B. AḤMAD DANGANAGI (Baba Inna),"1938-2006. A son of Malam Danganagi (q.v.), his mother Ḥalīma was the daughter of Wazirin Bida Muḥammad (q.v.). He was born in Owo (Ile-Ife), but grew up in Bida. He began his studies with Yaḥyā b. ‘Īsā and Sani Makwalla amongst others. When the first Islamiyya school opened in Bida in 1953 (under the patronage of ‘Abd al-Qādr b. ‘Alī, q.v.), he enrolled there and studied under ‘Alī Gusau and Idrīs b. Muḥammad Ɗandume (q.v.). Then he went to Kano for further formal studies at the School of Arabic Studies, as well as informal studies in the circle of Ismā‘īl Sagagi. He taught at an Islamiyya school in Bida, and animated a private study circle in his house",Poetry,Eulogy,Ibrāhīm Niasse,Arabic,NOT IN ALA II,Unknown,Unknown,Unknown,Unknown,NULL,Unknown,Unknown,NULL
25,Q. istighātha bi’Llah ʿalā aḥwāl ʿibād Allāh,ḤASAN B. AḤMAD DANGANAGI (Baba Inna),"1938-2006. A son of Malam Danganagi (q.v.), his mother Ḥalīma was the daughter of Wazirin Bida Muḥammad (q.v.). He was born in Owo (Ile-Ife), but grew up in Bida. He began his studies with Yaḥyā b. ‘Īsā and Sani Makwalla amongst others. When the first Islamiyya school opened in Bida in 1953 (under the patronage of ‘Abd al-Qādr b. ‘Alī, q.v.), he enrolled there and studied under ‘Alī Gusau and Idrīs b. Muḥammad Ɗandume (q.v.). Then he went to Kano for further formal studies at the School of Arabic Studies, as well as informal studies in the circle of Ismā‘īl Sagagi. He taught at an Islamiyya school in Bida, and animated a private study circle in his house",Poetry,Devotional,Invocation,Arabic,NOT IN ALA II,Unknown,Unknown,Unknown,Photocopy of ms in TijProj,3,1998,uncat.,A poem in which the author supplicates God. Begins: al-ḥamd li’Llah huwa al-Mujīb/ Samīʿ kull man daʿā qarīb
26,Marthiyyat al-shaykh Ibrāhīm,IDRĪS B. MUḤAMMAD ƊANDUME,"Born in Ɗandume (today’s Katsina State), he began his studies with Muḥammad al-Awwal Ɗandume, before traveling to Zaria to pursue further studies with ‘Abd al-Qādir b. ‘Alī (q.v.), whom he also accompanied on a trip to Kaolack. In the following years, ‘Abd al-Qādir b. ‘Alī was asked by the Nupe Maɗaki (a traditional aristocratic title) of Bida to send some scholars to Nupeland to improve Islamic literacy and promote the Tijāniyya. The first two scholars sent by ‘Abd al-Qādir (‘Alī Tsafe and ‘Alī Tsakiya) did not settle well in Bida. Idrīs Ɗandume, on the contrary, settled and spent fifty-five years of his life there, teaching, writing and initiating many in the Tijāniyya across Nupeland and the Middle Belt. Among his muqaddam-s are Muḥammad, imam of Saganuwa; Muḥammad, imam of Sosa; Shehu Ƙofar Agaie; Ḥayātu Bakin Kasuwa Bida; Muḥammad al-Thānī Lalemi; Liman Yamma Sharu of Kacha; Yūsuf Iyaruwa; Abū Bakr Agaie; Muḥammad Mai Tafsiri Agaie; etc. He wrote many poems, especially eulogies. The following ones are some of those that have been located ",Poetry,Elegy,Ibrāhīm Niasse,Arabic,NOT IN ALA II,Unknown,Unknown,Unknown,"Ms in possession of the author’s son, ‘Abdallāh b. Idrīs",NULL,Unknown,Unknown,"Ms in possession of the author’s son, ‘Abdallāh b. Idrīs"
27,Muhammadu Farkon Halittar Ta’ala,IDRĪS B. MUḤAMMAD ƊANDUME,"Born in Ɗandume (today’s Katsina State), he began his studies with Muḥammad al-Awwal Ɗandume, before traveling to Zaria to pursue further studies with ‘Abd al-Qādir b. ‘Alī (q.v.), whom he also accompanied on a trip to Kaolack. In the following years, ‘Abd al-Qādir b. ‘Alī was asked by the Nupe Maɗaki (a traditional aristocratic title) of Bida to send some scholars to Nupeland to improve Islamic literacy and promote the Tijāniyya. The first two scholars sent by ‘Abd al-Qādir (‘Alī Tsafe and ‘Alī Tsakiya) did not settle well in Bida. Idrīs Ɗandume, on the contrary, settled and spent fifty-five years of his life there, teaching, writing and initiating many in the Tijāniyya across Nupeland and the Middle Belt. Among his muqaddam-s are Muḥammad, imam of Saganuwa; Muḥammad, imam of Sosa; Shehu Ƙofar Agaie; Ḥayātu Bakin Kasuwa Bida; Muḥammad al-Thānī Lalemi; Liman Yamma Sharu of Kacha; Yūsuf Iyaruwa; Abū Bakr Agaie; Muḥammad Mai Tafsiri Agaie; etc. He wrote many poems, especially eulogies. The following ones are some of those that have been located ",Poetry,Biography,Sīra,Hausa (ajami),NOT IN ALA II,Unknown,Unknown,Unknown,"Ms in possession of the author’s son, ‘Abdallāh b. Idrīs",NULL,Unknown,Unknown,"Ms in possession of author’s son, ‘Abdallāh b. Idrīs"
28,Nūr al-fayḍa,IDRĪS B. MUḤAMMAD ƊANDUME,"Born in Ɗandume (today’s Katsina State), he began his studies with Muḥammad al-Awwal Ɗandume, before traveling to Zaria to pursue further studies with ‘Abd al-Qādir b. ‘Alī (q.v.), whom he also accompanied on a trip to Kaolack. In the following years, ‘Abd al-Qādir b. ‘Alī was asked by the Nupe Maɗaki (a traditional aristocratic title) of Bida to send some scholars to Nupeland to improve Islamic literacy and promote the Tijāniyya. The first two scholars sent by ‘Abd al-Qādir (‘Alī Tsafe and ‘Alī Tsakiya) did not settle well in Bida. Idrīs Ɗandume, on the contrary, settled and spent fifty-five years of his life there, teaching, writing and initiating many in the Tijāniyya across Nupeland and the Middle Belt. Among his muqaddam-s are Muḥammad, imam of Saganuwa; Muḥammad, imam of Sosa; Shehu Ƙofar Agaie; Ḥayātu Bakin Kasuwa Bida; Muḥammad al-Thānī Lalemi; Liman Yamma Sharu of Kacha; Yūsuf Iyaruwa; Abū Bakr Agaie; Muḥammad Mai Tafsiri Agaie; etc. He wrote many poems, especially eulogies. The following ones are some of those that have been located ",Poetry,Eulogy,Ibrāhīm Niasse,Arabic,NOT IN ALA II,Unknown,Unknown,Unknown,"Ms in possession of the author’s son, ‘Abdallāh b. Idrīs",NULL,Unknown,Unknown,"Ms in possession of author’s son, ‘Abdallāh b. Idrīs"
29,Q. fī madḥ al-nabiyy,IDRĪS B. MUḤAMMAD ƊANDUME,"Born in Ɗandume (today’s Katsina State), he began his studies with Muḥammad al-Awwal Ɗandume, before traveling to Zaria to pursue further studies with ‘Abd al-Qādir b. ‘Alī (q.v.), whom he also accompanied on a trip to Kaolack. In the following years, ‘Abd al-Qādir b. ‘Alī was asked by the Nupe Maɗaki (a traditional aristocratic title) of Bida to send some scholars to Nupeland to improve Islamic literacy and promote the Tijāniyya. The first two scholars sent by ‘Abd al-Qādir (‘Alī Tsafe and ‘Alī Tsakiya) did not settle well in Bida. Idrīs Ɗandume, on the contrary, settled and spent fifty-five years of his life there, teaching, writing and initiating many in the Tijāniyya across Nupeland and the Middle Belt. Among his muqaddam-s are Muḥammad, imam of Saganuwa; Muḥammad, imam of Sosa; Shehu Ƙofar Agaie; Ḥayātu Bakin Kasuwa Bida; Muḥammad al-Thānī Lalemi; Liman Yamma Sharu of Kacha; Yūsuf Iyaruwa; Abū Bakr Agaie; Muḥammad Mai Tafsiri Agaie; etc. He wrote many poems, especially eulogies. The following ones are some of those that have been located ",Poetry,Eulogy,Prophet,Arabic,NOT IN ALA II,Unknown,Unknown,Unknown,"Ms in possession of the author’s son, ‘Abdallāh b. Idrīs",NULL,Unknown,Unknown,"Ms in possession of author’s son, ‘Abdallāh b. Idrīs"
30,Q. fī madḥ al-shaykh al-Tijānī,IDRĪS B. MUḤAMMAD ƊANDUME,"Born in Ɗandume (today’s Katsina State), he began his studies with Muḥammad al-Awwal Ɗandume, before traveling to Zaria to pursue further studies with ‘Abd al-Qādir b. ‘Alī (q.v.), whom he also accompanied on a trip to Kaolack. In the following years, ‘Abd al-Qādir b. ‘Alī was asked by the Nupe Maɗaki (a traditional aristocratic title) of Bida to send some scholars to Nupeland to improve Islamic literacy and promote the Tijāniyya. The first two scholars sent by ‘Abd al-Qādir (‘Alī Tsafe and ‘Alī Tsakiya) did not settle well in Bida. Idrīs Ɗandume, on the contrary, settled and spent fifty-five years of his life there, teaching, writing and initiating many in the Tijāniyya across Nupeland and the Middle Belt. Among his muqaddam-s are Muḥammad, imam of Saganuwa; Muḥammad, imam of Sosa; Shehu Ƙofar Agaie; Ḥayātu Bakin Kasuwa Bida; Muḥammad al-Thānī Lalemi; Liman Yamma Sharu of Kacha; Yūsuf Iyaruwa; Abū Bakr Agaie; Muḥammad Mai Tafsiri Agaie; etc. He wrote many poems, especially eulogies. The following ones are some of those that have been located ",Poetry,Eulogy,Aḥmad al-Tijānī,Arabic,NOT IN ALA II,Unknown,Unknown,Unknown,"Ms in possession of the author’s son, ‘Abdallāh b. Idrīs",NULL,Unknown,Unknown,"Ms in possession of author’s son, ‘Abdallāh b. Idrīs"
31,Q. fī madḥ al-shaykh Ibrāhīm Inyās,IDRĪS B. MUḤAMMAD ƊANDUME,"Born in Ɗandume (today’s Katsina State), he began his studies with Muḥammad al-Awwal Ɗandume, before traveling to Zaria to pursue further studies with ‘Abd al-Qādir b. ‘Alī (q.v.), whom he also accompanied on a trip to Kaolack. In the following years, ‘Abd al-Qādir b. ‘Alī was asked by the Nupe Maɗaki (a traditional aristocratic title) of Bida to send some scholars to Nupeland to improve Islamic literacy and promote the Tijāniyya. The first two scholars sent by ‘Abd al-Qādir (‘Alī Tsafe and ‘Alī Tsakiya) did not settle well in Bida. Idrīs Ɗandume, on the contrary, settled and spent fifty-five years of his life there, teaching, writing and initiating many in the Tijāniyya across Nupeland and the Middle Belt. Among his muqaddam-s are Muḥammad, imam of Saganuwa; Muḥammad, imam of Sosa; Shehu Ƙofar Agaie; Ḥayātu Bakin Kasuwa Bida; Muḥammad al-Thānī Lalemi; Liman Yamma Sharu of Kacha; Yūsuf Iyaruwa; Abū Bakr Agaie; Muḥammad Mai Tafsiri Agaie; etc. He wrote many poems, especially eulogies. The following ones are some of those that have been located ",Poetry,Eulogy,Ibrāhīm Niasse,Arabic,NOT IN ALA II,Unknown,Unknown,Unknown,"Ms in possession of the author’s son, ‘Abdallāh b. Idrīs",NULL,Unknown,Unknown,Ms in possession of the author’s son ‘Abdallāh b. Idrīs
32,Badhl al-naṣīḥa li-ahl Sūdān fī bayān qawāṭir al-silm min al-insān,MUḤAMMAD B. ‘ABDALLĀH B. MUḤAMMAD (Wazirin Bida),"He was an itinerant scholar of Bornuan origins, who settled in Bida upon the invitation of Emir Malik, who appointed him as his wazīr. He was the most influential person in the propagation of the Tijaniyya in Nupeland before the emergence of ‘Abd al-Qādir b. ‘Alī (q.v.) of Zaria and the visit of Idrīs Ɗandume (q.v.). He also had many students in Ilorin, a town he visited frequently",Poetry,Homiletic,Ethics,Arabic,NOT IN ALA II,Unknown,Unknown,Unknown,Unknown,NULL,Unknown,Unknown,NULL
33,Al-Hujja al-qāṭi‘a ‘alā man khālafa al-ḥaqq fī amr al-niṣāb wa-waqall al-ṣadaq,MUḤAMMAD B. ‘ABDALLĀH B. MUḤAMMAD (Wazirin Bida),"He was an itinerant scholar of Bornuan origins, who settled in Bida upon the invitation of Emir Malik, who appointed him as his wazīr. He was the most influential person in the propagation of the Tijaniyya in Nupeland before the emergence of ‘Abd al-Qādir b. ‘Alī (q.v.) of Zaria and the visit of Idrīs Ɗandume (q.v.). He also had many students in Ilorin, a town he visited frequently",Prose,Response,Jurisprudence,Arabic,ALA II,Unknown,Unknown,Unknown,Unknown,NULL,Unknown,Unknown,"Response to the question about the minimum amount upon which zakat and mahr is to be paid, in Saudi dirhams, an innovation for the time"
34,Ḥusn al-ṣanī‘ fī al-bayān wa-al-ma‘ānī wa-al-badī‘,MUḤAMMAD B. ‘ABDALLĀH B. MUḤAMMAD (Wazirin Bida),"He was an itinerant scholar of Bornuan origins, who settled in Bida upon the invitation of Emir Malik, who appointed him as his wazīr. He was the most influential person in the propagation of the Tijaniyya in Nupeland before the emergence of ‘Abd al-Qādir b. ‘Alī (q.v.) of Zaria and the visit of Idrīs Ɗandume (q.v.). He also had many students in Ilorin, a town he visited frequently",Prose,Didactic,Arabic rhetoric,Arabic,Unknown,Unknown,Unknown,Unknown,Unknown,NULL,Unknown,Unknown,"‘Umar Falke (q.v.) studied this with him, and at author’s request wrote a commentary of it"
35,Irshād al-ḥabīb al-ṣādiq ilā sīrat sayyid al-khalā’iq (alternative title: Siyeri),MUḤAMMAD B. ‘ABDALLĀH B. MUḤAMMAD (Wazirin Bida),"He was an itinerant scholar of Bornuan origins, who settled in Bida upon the invitation of Emir Malik, who appointed him as his wazīr. He was the most influential person in the propagation of the Tijaniyya in Nupeland before the emergence of ‘Abd al-Qādir b. ‘Alī (q.v.) of Zaria and the visit of Idrīs Ɗandume (q.v.). He also had many students in Ilorin, a town he visited frequently",Poetry,Didactic,Prophet,Arabic,ALA II,Unknown,Unknown,Unknown,Photocopy of ms in TijProj,408,Unknown,uncat.,"A very long poem (4626vv) on the life of the Prophet, it is considered as the author’s masterpiece"
36,al-Itḥāf bi-naẓm al-is‘āf fī sīrat al-nabiyy al-man‘ūt fī sūrat al-A‘rāf,MUḤAMMAD B. ‘ABDALLĀH B. MUḤAMMAD (Wazirin Bida),"He was an itinerant scholar of Bornuan origins, who settled in Bida upon the invitation of Emir Malik, who appointed him as his wazīr. He was the most influential person in the propagation of the Tijaniyya in Nupeland before the emergence of ‘Abd al-Qādir b. ‘Alī (q.v.) of Zaria and the visit of Idrīs Ɗandume (q.v.). He also had many students in Ilorin, a town he visited frequently",Poetry,Didactic,Prophet,Arabic,NOT IN ALA II,Unknown,Unknown,Unknown,Unknown,NULL,Unknown,Unknown,NULL
37,Jāmi‘ al-kifāya ‘alā muta‘āṭī al-ṭāba,MUḤAMMAD B. ‘ABDALLĀH B. MUḤAMMAD (Wazirin Bida),"He was an itinerant scholar of Bornuan origins, who settled in Bida upon the invitation of Emir Malik, who appointed him as his wazīr. He was the most influential person in the propagation of the Tijaniyya in Nupeland before the emergence of ‘Abd al-Qādir b. ‘Alī (q.v.) of Zaria and the visit of Idrīs Ɗandume (q.v.). He also had many students in Ilorin, a town he visited frequently",Poetry,Response,Jurisprudence,Arabic,ALA II,Unknown,Unknown,Unknown,Unknown,NULL,Unknown,Unknown,Ms 144vv. on the prohibition of smoking
38,Kashf al-ghiṭā’ ‘an al-abṣār fī ‘adad anwā‘ al-aḥādīth wa-al-athār,MUḤAMMAD B. ‘ABDALLĀH B. MUḤAMMAD (Wazirin Bida),"He was an itinerant scholar of Bornuan origins, who settled in Bida upon the invitation of Emir Malik, who appointed him as his wazīr. He was the most influential person in the propagation of the Tijaniyya in Nupeland before the emergence of ‘Abd al-Qādir b. ‘Alī (q.v.) of Zaria and the visit of Idrīs Ɗandume (q.v.). He also had many students in Ilorin, a town he visited frequently",Poetry,Didactic,Hadith,Arabic,NOT IN ALA II,Unknown,Unknown,Unknown,Unknown,NULL,Unknown,Unknown,NULL
39,al-Kawkab al-munīr fī ‘ilm al-tafsīr,MUḤAMMAD B. ‘ABDALLĀH B. MUḤAMMAD (Wazirin Bida),"He was an itinerant scholar of Bornuan origins, who settled in Bida upon the invitation of Emir Malik, who appointed him as his wazīr. He was the most influential person in the propagation of the Tijaniyya in Nupeland before the emergence of ‘Abd al-Qādir b. ‘Alī (q.v.) of Zaria and the visit of Idrīs Ɗandume (q.v.). He also had many students in Ilorin, a town he visited frequently",Poetry,Didactic,Quran,Arabic,NOT IN ALA II,Unknown,Unknown,Unknown,Ms in the library of al-Ḥasan Fogun Bida,NULL,Unknown,Unknown,Based on al-Suyūṭī’s al-Itqān fī ‘ulūm al-Qur’ān
40,"9.9	Manhaj al-taysīr li-man arāda al-khawḍ fī al-tafsīr",MUḤAMMAD B. ‘ABDALLĀH B. MUḤAMMAD (Wazirin Bida),"He was an itinerant scholar of Bornuan origins, who settled in Bida upon the invitation of Emir Malik, who appointed him as his wazīr. He was the most influential person in the propagation of the Tijaniyya in Nupeland before the emergence of ‘Abd al-Qādir b. ‘Alī (q.v.) of Zaria and the visit of Idrīs Ɗandume (q.v.). He also had many students in Ilorin, a town he visited frequently",Poetry,Didactic,Quran,Arabic,NOT IN ALA II,Unknown,Unknown,Unknown,photocopy in TijProj,64,1983,uncat.,A poem detailing the requisite knowledge for those who want to delve into the science of Quranic exegesis. Begins: al-ḥamdu li’Llahi ’l-‘Aẓīm al-Jūd / min ghayri man fīhi li’l-wujūd
41,Murshid al-ṭalaba al-Injiriyya ilā maqāṣid al-Ṭuḥfa al-wardiyya,MUḤAMMAD B. ‘ABDALLĀH B. MUḤAMMAD (Wazirin Bida),"He was an itinerant scholar of Bornuan origins, who settled in Bida upon the invitation of Emir Malik, who appointed him as his wazīr. He was the most influential person in the propagation of the Tijaniyya in Nupeland before the emergence of ‘Abd al-Qādir b. ‘Alī (q.v.) of Zaria and the visit of Idrīs Ɗandume (q.v.). He also had many students in Ilorin, a town he visited frequently",Prose,Commentary,Arabic grammar,Arabic,ALA II,Unknown,Unknown,Unknown,"Ms Zaria,196/3",198,Unknown,Unknown,NULL
42,Naẓm fī faḍl rasūl Allāh,MUḤAMMAD B. ‘ABDALLĀH B. MUḤAMMAD (Wazirin Bida),"He was an itinerant scholar of Bornuan origins, who settled in Bida upon the invitation of Emir Malik, who appointed him as his wazīr. He was the most influential person in the propagation of the Tijaniyya in Nupeland before the emergence of ‘Abd al-Qādir b. ‘Alī (q.v.) of Zaria and the visit of Idrīs Ɗandume (q.v.). He also had many students in Ilorin, a town he visited frequently",Poetry,Didactic,Theology,Arabic,NOT IN ALA II,Unknown,Unknown,Unknown,Unknown,NULL,Unknown,Unknown,NULL
43,Naẓm Qawāṭi‘ al-Islām wa’l-zawājit ‘an iqtirāf al-kabā’ir,MUḤAMMAD B. ‘ABDALLĀH B. MUḤAMMAD (Wazirin Bida),"He was an itinerant scholar of Bornuan origins, who settled in Bida upon the invitation of Emir Malik, who appointed him as his wazīr. He was the most influential person in the propagation of the Tijaniyya in Nupeland before the emergence of ‘Abd al-Qādir b. ‘Alī (q.v.) of Zaria and the visit of Idrīs Ɗandume (q.v.). He also had many students in Ilorin, a town he visited frequently",Poetry,Didactic,Theology,Arabic,ALA II,Unknown,Unknown,Unknown,Unknown,NULL,Unknown,Unknown,NULL
44,Al-Qanā‘a wa’l-idhā‘a naẓm al-Ishā‘a li-ashrāṭ al-sā‘a,MUḤAMMAD B. ‘ABDALLĀH B. MUḤAMMAD (Wazirin Bida),"He was an itinerant scholar of Bornuan origins, who settled in Bida upon the invitation of Emir Malik, who appointed him as his wazīr. He was the most influential person in the propagation of the Tijaniyya in Nupeland before the emergence of ‘Abd al-Qādir b. ‘Alī (q.v.) of Zaria and the visit of Idrīs Ɗandume (q.v.). He also had many students in Ilorin, a town he visited frequently",Poetry,Didactic,Theology,Arabic,ALA II,Unknown,Unknown,Unknown,Ms Ibadan (UL),NULL,Unknown,Unknown,"Composed in 1336/1917-18. Ms Ibadan (UL), 26, with glosses and comments by the author (copy in Bayreuth NGA 10.2 I-39)"
45,Q. fī rithā’ amīr Bidā Muḥammad Bello,MUḤAMMAD B. ‘ABDALLĀH B. MUḤAMMAD (Wazirin Bida),"He was an itinerant scholar of Bornuan origins, who settled in Bida upon the invitation of Emir Malik, who appointed him as his wazīr. He was the most influential person in the propagation of the Tijaniyya in Nupeland before the emergence of ‘Abd al-Qādir b. ‘Alī (q.v.) of Zaria and the visit of Idrīs Ɗandume (q.v.). He also had many students in Ilorin, a town he visited frequently",Poetry,Elegy,Emir of Bida Muḥammad Bello,Arabic,ALA II,Unknown,Unknown,Unknown,"Ms Zaria,196/2",NULL,Unknown,Unknown,NULL
46,Sharḥ al-Tuḥfat al-Wardiyya,MUḤAMMAD B. ‘ABDALLĀH B. MUḤAMMAD (Wazirin Bida),"He was an itinerant scholar of Bornuan origins, who settled in Bida upon the invitation of Emir Malik, who appointed him as his wazīr. He was the most influential person in the propagation of the Tijaniyya in Nupeland before the emergence of ‘Abd al-Qādir b. ‘Alī (q.v.) of Zaria and the visit of Idrīs Ɗandume (q.v.). He also had many students in Ilorin, a town he visited frequently",Prose,Commentary,Arabic grammar,Arabic,NOT IN ALA II,Unknown,Unknown,Unknown,Unknown,NULL,Unknown,Unknown,Ms commentary of Ibn al-Wardī’s famous poem on grammar
47,Sharḥ Daw’ al-Muṣalli,MUḤAMMAD B. ‘ABDALLĀH B. MUḤAMMAD (Wazirin Bida),"He was an itinerant scholar of Bornuan origins, who settled in Bida upon the invitation of Emir Malik, who appointed him as his wazīr. He was the most influential person in the propagation of the Tijaniyya in Nupeland before the emergence of ‘Abd al-Qādir b. ‘Alī (q.v.) of Zaria and the visit of Idrīs Ɗandume (q.v.). He also had many students in Ilorin, a town he visited frequently",Prose,Commentary,Jurisprudence,Arabic,ALA II,Abeokuta,No publisher,1949,Unknown,NULL,Unknown,Unknown,Commentary on the Ḍaw’ al-muṣallī of Abdullahi Ɗan Fodio
48,Takhmīs dāliyyat al-shaykh ‘Uthmān,MUḤAMMAD B. ‘ABDALLĀH B. MUḤAMMAD (Wazirin Bida),"He was an itinerant scholar of Bornuan origins, who settled in Bida upon the invitation of Emir Malik, who appointed him as his wazīr. He was the most influential person in the propagation of the Tijaniyya in Nupeland before the emergence of ‘Abd al-Qādir b. ‘Alī (q.v.) of Zaria and the visit of Idrīs Ɗandume (q.v.). He also had many students in Ilorin, a town he visited frequently",Poetry,Eulogy,Prophet,Arabic,ALA II,Unknown,Unknown,Unknown,Unknown,NULL,Unknown,Unknown,A rendering in quintains of one of the most famous poems by Usman Ɗan Fodio
49,Takhmīs qaṣīdat maqām ladā sidrat al-muntahā,MUḤAMMAD B. ‘ABDALLĀH B. MUḤAMMAD (Wazirin Bida),"He was an itinerant scholar of Bornuan origins, who settled in Bida upon the invitation of Emir Malik, who appointed him as his wazīr. He was the most influential person in the propagation of the Tijaniyya in Nupeland before the emergence of ‘Abd al-Qādir b. ‘Alī (q.v.) of Zaria and the visit of Idrīs Ɗandume (q.v.). He also had many students in Ilorin, a town he visited frequently",Poetry,Eulogy,Prophet,Arabic,NOT IN ALA II,Unknown,Unknown,Unknown,Unknown,NULL,Unknown,Unknown,NULL
50,Marthiyyat al-shaykh al-Ḥāsan al-mulaqqab Bāba Innā,MUḤAMMAD B. ISMĀ‘ĪL AL-BIDAWĪ,"Nicknamed “Dīwān,” probably because of his devotion to Ibrāhīm Niasse’s Dawāwīn al-sitt",Poetry,Elegy,Ḥasan Baba Inna,Arabic,Unknown,Unknown,Unknown,Unknown,Unknown,NULL,Unknown,Unknown,NULL
51,al-Ḥujja al-wāḍiḥa ʿalā man ʿankara dhikr qā’iman,MUḤAMMAD b. IDRĪS [B-N-W-Ā],NULL,Prose,Radd,Sufism,Arabic,NOT IN ALA II,Ilorin,Al-Haqq Islammic Publocation,1999,Photocopy in TijProj,14,Unknown,uncat.,A small discussion of the ruling of doing dhikr standing. It also discusses other issues related to dhikr. Followed by a commendation by Sharīf Muḥammad Sālim al-Shinqīṭī
52,Iqtibās al-nūr al-qamarī fī naẓm Muhkhtaṣar al-Akhḍarī,MŪSA b. MUḤAMMAD SONG,"A student of Shehi Maihula (q.v.), worked as a judge in the Federal Court of Appeal, Abuja",Poetry,Didactic,Jurisprudence,Arabic,Unknown,Zaria,Gaskiya Corporation,1993,Copy in TijProj,107,Unknown,uncat.,"A versification of al-Akhḍarī’s introduction to Māliki jurisprudence, lithographed from a copy in the author’s handwriting"
53,Ḥamdan li-man bayna al-khalā’iqi faḍḍalā,SA‘ĪD B. MUḤAMMAD (Sa’idu Waziri),NULL,Poetry,Homiletic,Ethics,Arabic,NOT IN ALA II,Unknown,Unknown,Unknown,Ms in the Danganagi family library (Bida),NULL,Unknown,Unknown,NULL
54,Jaysh yudāfi‘ al-faqr wa’l-ḍarar fī madḥ wa-naṣīḥat al-fakhāma ‘Umar Sandā Indāyakū,SA‘ĪD B. MUḤAMMAD (Sa’idu Waziri),NULL,Poetry,Eulogy,Emir Umaru Sanda Ndayako,Arabic,Unknown,Unknown,Unknown,Unknown,Ms in the Danganagi family private library (Bida),NULL,Unknown,Unknown,"Written in to praise and advise the Emir of Bida, Umaru Sanda Ndayako"
55,Taḥrīḍ al-ṣibyān li-nayl al-fawz,SA‘ĪD B. MUḤAMMAD (Sa’idu Waziri),NULL,Poetry,Homiletic,Ethics,Arabic,Unknown,Unknown,Unknown,Unknown,Ms in the Danganagi family private library (Bida),NULL,Unknown,Unknown,Poem in praise of knowledge and advising to pursue it
56,‘Ajā’ib al-akhbār fī isrā’ al-nabiyy al-mukhtār,SA‘ĪD B. YAḤYĀ BAGUDU,"Junior brother of Ḥamza b. Yaḥyā Bagudu (q.v.). Besides his brother, he studied with Alkalin Kutigi (q.v.), his father, Yahaya Bagudu, and various scholars in Sokoto, Kano, and Zaria. He traveled to Kaolack twice, once with Yūsuf Lojoka (q.v.) and once with the Governor of Niger State, Abdulkadir Kure. Every year, he composes a text (both prose and verses) to be read during the Mawlid celebration. He resides in Ƙofar Wuya and is the Eme Etsu Zango (a traditional title) of Bida",Prose,Didactic,Prophet,Arabic,NOT IN ALA II,Maine,No publisher,1427,Unknown,NULL,Unknown,Unknown,NULL
57,al-Ḥadīqa al-muthmira,SA‘ĪD B. YAḤYĀ BAGUDU,"Junior brother of Ḥamza b. Yaḥyā Bagudu (q.v.). Besides his brother, he studied with Alkalin Kutigi (q.v.), his father, Yahaya Bagudu, and various scholars in Sokoto, Kano, and Zaria. He traveled to Kaolack twice, once with Yūsuf Lojoka (q.v.) and once with the Governor of Niger State, Abdulkadir Kure. Every year, he composes a text (both prose and verses) to be read during the Mawlid celebration. He resides in Ƙofar Wuya and is the Eme Etsu Zango (a traditional title) of Bida",Poetry,Didactic,Prophet,Arabic,NOT IN ALA II,Unknown,Unknown,Unknown,Unknown,NULL,Unknown,Unknown,NULL
58,al-Ḥujja al-wāḍiḥa ‘alā man ankara dhikran qā’iman,SA‘ĪD B. YAḤYĀ BAGUDU,"Junior brother of Ḥamza b. Yaḥyā Bagudu (q.v.). Besides his brother, he studied with Alkalin Kutigi (q.v.), his father, Yahaya Bagudu, and various scholars in Sokoto, Kano, and Zaria. He traveled to Kaolack twice, once with Yūsuf Lojoka (q.v.) and once with the Governor of Niger State, Abdulkadir Kure. Every year, he composes a text (both prose and verses) to be read during the Mawlid celebration. He resides in Ƙofar Wuya and is the Eme Etsu Zango (a traditional title) of Bida",Poetry,Radd,Sufism,Arabic,NOT IN ALA II,Unknown,Unknown,Unknown,Unknown,NULL,Unknown,Unknown,On the permissibility of performing dhikr while standing. Same title also attributed to Muhammad b. Idrīs (q.v.) but they appear to be two different works
59,Nu‘āt Ḥusayn,SA‘ĪD B. YAḤYĀ BAGUDU,"Junior brother of Ḥamza b. Yaḥyā Bagudu (q.v.). Besides his brother, he studied with Alkalin Kutigi (q.v.), his father, Yahaya Bagudu, and various scholars in Sokoto, Kano, and Zaria. He traveled to Kaolack twice, once with Yūsuf Lojoka (q.v.) and once with the Governor of Niger State, Abdulkadir Kure. Every year, he composes a text (both prose and verses) to be read during the Mawlid celebration. He resides in Ƙofar Wuya and is the Eme Etsu Zango (a traditional title) of Bida",Prose,Hagiography,Ḥusayn b. ‘Alī,Arabic,NOT IN ALA II,Unknown,Unknown,Unknown,Unknown,NULL,Unknown,Unknown,NULL
60,Nūr al-fayḍa al-aḥmadiyya,SA‘ĪD B. YAḤYĀ BAGUDU,"Junior brother of Ḥamza b. Yaḥyā Bagudu (q.v.). Besides his brother, he studied with Alkalin Kutigi (q.v.), his father, Yahaya Bagudu, and various scholars in Sokoto, Kano, and Zaria. He traveled to Kaolack twice, once with Yūsuf Lojoka (q.v.) and once with the Governor of Niger State, Abdulkadir Kure. Every year, he composes a text (both prose and verses) to be read during the Mawlid celebration. He resides in Ƙofar Wuya and is the Eme Etsu Zango (a traditional title) of Bida",Poetry,Eulogy,Aḥmad al-Tijānī,Arabic,NOT IN ALA II,Unknown,Unknown,Unknown,Unknown,NULL,Unknown,Unknown,NULL
61,Q. fī sīrat khayr al-bariyya,SA‘ĪD B. YAḤYĀ BAGUDU,"Junior brother of Ḥamza b. Yaḥyā Bagudu (q.v.). Besides his brother, he studied with Alkalin Kutigi (q.v.), his father, Yahaya Bagudu, and various scholars in Sokoto, Kano, and Zaria. He traveled to Kaolack twice, once with Yūsuf Lojoka (q.v.) and once with the Governor of Niger State, Abdulkadir Kure. Every year, he composes a text (both prose and verses) to be read during the Mawlid celebration. He resides in Ƙofar Wuya and is the Eme Etsu Zango (a traditional title) of Bida",Poetry,Didactic,Prophet,Arabic,NOT IN ALA II,Unknown,Unknown,Unknown,Photocopy in TijProj,4,Unknown,uncat.,"Includes all the names of the wives, sons and daughters of the Prophet. Begins: Qāla Sa‘īdun Bidawī nasabuh / Mālikiyyun Tijāniyyun ṭarīqatuh"
62,al-Rā’iyya al-ṣughrā,SA‘ĪD B. YAḤYĀ BAGUDU,"Junior brother of Ḥamza b. Yaḥyā Bagudu (q.v.). Besides his brother, he studied with Alkalin Kutigi (q.v.), his father, Yahaya Bagudu, and various scholars in Sokoto, Kano, and Zaria. He traveled to Kaolack twice, once with Yūsuf Lojoka (q.v.) and once with the Governor of Niger State, Abdulkadir Kure. Every year, he composes a text (both prose and verses) to be read during the Mawlid celebration. He resides in Ƙofar Wuya and is the Eme Etsu Zango (a traditional title) of Bida",Poetry,Devotional,Prophet,Arabic,NOT IN ALA II,Unknown,Unknown,Unknown,Unknown,NULL,Unknown,Unknown,An acrostic poem
63,Tuḥfat al-murshidīn fī ta‘ẓīm sayyid al-mursalīn,SA‘ĪD B. YAḤYĀ BAGUDU,"Junior brother of Ḥamza b. Yaḥyā Bagudu (q.v.). Besides his brother, he studied with Alkalin Kutigi (q.v.), his father, Yahaya Bagudu, and various scholars in Sokoto, Kano, and Zaria. He traveled to Kaolack twice, once with Yūsuf Lojoka (q.v.) and once with the Governor of Niger State, Abdulkadir Kure. Every year, he composes a text (both prose and verses) to be read during the Mawlid celebration. He resides in Ƙofar Wuya and is the Eme Etsu Zango (a traditional title) of Bida",Prose,Didactic,Jurisprudence,Arabic,NOT IN ALA II,Maine,No publisher,2008,Copy in TijProj,NULL,Unknown,uncat.,"A work discussing the obligation of obeying the Prophet; the ruling on those who insult or slander him, the angels, and other prophets"
64,Uswat al-rasūl,SA‘ĪD B. YAḤYĀ BAGUDU,"Junior brother of Ḥamza b. Yaḥyā Bagudu (q.v.). Besides his brother, he studied with Alkalin Kutigi (q.v.), his father, Yahaya Bagudu, and various scholars in Sokoto, Kano, and Zaria. He traveled to Kaolack twice, once with Yūsuf Lojoka (q.v.) and once with the Governor of Niger State, Abdulkadir Kure. Every year, he composes a text (both prose and verses) to be read during the Mawlid celebration. He resides in Ƙofar Wuya and is the Eme Etsu Zango (a traditional title) of Bida",Misc,Didactic,Prophet,Arabic,NOT IN ALA II,Unknown,Unknown,Unknown,Unknown,NULL,Unknown,Unknown,NULL
65,Marthiyyat al-shaykh Ḥasan,SHU‘AYB B. AL-ḤASAN B. AḤMAD DANGANAGI,A son of Ḥasan Baba Inna (q.v.) and a grandson of Aḥmad Danganagi (q.v.),Poetry,Elegy,Ḥasan Baba Inna,Arabic,NOT IN ALA II,Unknown,Unknown,Unknown,Ms in the Danganagi family private library (Bida),NULL,Unknown,Unknown,Author was son of the object of the elegy. Begins: Lanā fī barzakhin shaykhun / hawaynāhu wa-nahwāhu
66,"16.1	al-Tārīkh [sic] al-balad Rābā wa-tārīkh balad Lade wa-tārīkh balad Jighi wa-tārīkh balad Bida wa-tārīkh balad Gwara wa-tārīkh Shaykh",ʿUMAR B. MUḤAMMAD B. AL-ḤASAN B. ᾹDAM,NULL,Prose,Chronicle,History,Arabic,NOT IN ALA II,Unknown,Unknown,Unknown,Photocopy of ms in TijProject,32,Unknown,uncat.,"A chronicle on Nupe-speaking areas of Nigeria such as Bida, Balori, etc"
67,Abyāt al-Bidawī,ʿUTHMĀN B. MUḤAMMAD B. SULAYMĀN (Usman Qarmawī),"Born in Raba, near Bida, he resides in Fogun (Old Bida city). He is a student of Muḥammad al-Naẓīfī al-Qarmawī (q.v.) of Kano, and spends most of his time between his hometown Fogun and Kano. His father was known as Etsu Umma. His paternal grandfather was known as Alfa Saganuwa",Poetry,Devotional,Invocation,Arabic,ALA II,Maine,No publisher,No date,Copy in TijProj,3,Unknown,Unknown,A short poem of intercession through author’s teacher. Begins: Yā Imāmī wa amānī/ yā ḥabīb al-ʿAdnānī
68,Abyāt al-duʿā fī tawassul bi-Sayyid al-Anbiyā’,ʿUTHMĀN B. MUḤAMMAD B. SULAYMĀN (Usman Qarmawī),"Born in Raba, near Bida, he resides in Fogun (Old Bida city). He is a student of Muḥammad al-Naẓīfī al-Qarmawī (q.v.) of Kano, and spends most of his time between his hometown Fogun and Kano. His father was known as Etsu Umma. His paternal grandfather was known as Alfa Saganuwa",Poetry,Devotional,Invocation,Arabic,NOT IN ALA II,Unknown,Unknown,Unknown,Copy in TijProj,NULL,Unknown,uncat.,Poem of intercession through the Prophet. Begins: Barhām ibnī Rasūl Allāh yā sanadī/ habhu jamīʿ al-futūḥ Tāhā dūn kadi
69,Abyāt al-furūḥ fī madḥ miftāh al-futūḥ,ʿUTHMĀN B. MUḤAMMAD B. SULAYMĀN (Usman Qarmawī),"Born in Raba, near Bida, he resides in Fogun (Old Bida city). He is a student of Muḥammad al-Naẓīfī al-Qarmawī (q.v.) of Kano, and spends most of his time between his hometown Fogun and Kano. His father was known as Etsu Umma. His paternal grandfather was known as Alfa Saganuwa",Poetry,Eulogy,Prophet,Arabic,NOT IN ALA II,Unknown,Unknown,Unknown,Copy in TijProj,1,Unknown,uncat.,Begins: Fa-ʿUthmān al-Bidawī zawj Ruqayya/ Yuṣallī ʿalā al-Maḥmūd wa’l-āl ṣaḥba
70,Al-Duʿā’ al-muḍṭar ilā Rabbihi al-Barr,ʿUTHMĀN B. MUḤAMMAD B. SULAYMĀN (Usman Qarmawī),"Born in Raba, near Bida, he resides in Fogun (Old Bida city). He is a student of Muḥammad al-Naẓīfī al-Qarmawī (q.v.) of Kano, and spends most of his time between his hometown Fogun and Kano. His father was known as Etsu Umma. His paternal grandfather was known as Alfa Saganuwa",Poetry,Devotional,Invocation,Arabic,NOT IN ALA II,Unknown,Unknown,Unknown,Copy in TijProj,1,Unknown,uncat.,9-verse poem of supplication. Begins: A-yā Allāh wa’rzuqnī abinthi/ dafaffiyā ay bi-Tāhā kadhā susūthi
71,Anwār al-aḥibba fī madḥ kāshif al-ghumma,ʿUTHMĀN B. MUḤAMMAD B. SULAYMĀN (Usman Qarmawī),"Born in Raba, near Bida, he resides in Fogun (Old Bida city). He is a student of Muḥammad al-Naẓīfī al-Qarmawī (q.v.) of Kano, and spends most of his time between his hometown Fogun and Kano. His father was known as Etsu Umma. His paternal grandfather was known as Alfa Saganuwa",Poetry,Eulogy,Misc,Arabic,NOT IN ALA II,Unknown,Unknown,Unknown,Copy in TijProj,2,Unknown,uncat.,In praise of the and of the author’s teacher. Begins: Bi-ḥamd al-Ilāh qad bada’tu qaṣīdatī/ fī madḥ Nabiyy Allāh khayr al-bariyya
72,Dafʿ al-humūm fī marthiyya ṣāḥib al-ḥulūm,ʿUTHMĀN B. MUḤAMMAD B. SULAYMĀN (Usman Qarmawī),"Born in Raba, near Bida, he resides in Fogun (Old Bida city). He is a student of Muḥammad al-Naẓīfī al-Qarmawī (q.v.) of Kano, and spends most of his time between his hometown Fogun and Kano. His father was known as Etsu Umma. His paternal grandfather was known as Alfa Saganuwa",Poetry,Eulogy,Muḥammad b. Sulaymān,Arabic,NOT IN ALA II,Maine,No publisher,2003,Copy in TijProj,2,Unknown,uncat.,Elegy dedicated to author’s father. Begins: Ḥamdī wa shukrī dā’imān li-Wāḥid/ thumma ṣalāt wa salām li-Aḥmad
73,Farḥ al-khādim fī al-madḥ wa al-tawassul bi-ṣāḥib al-gharā’im,ʿUTHMĀN B. MUḤAMMAD B. SULAYMĀN (Usman Qarmawī),"Born in Raba, near Bida, he resides in Fogun (Old Bida city). He is a student of Muḥammad al-Naẓīfī al-Qarmawī (q.v.) of Kano, and spends most of his time between his hometown Fogun and Kano. His father was known as Etsu Umma. His paternal grandfather was known as Alfa Saganuwa",Poetry,Eulogy,Prophet,Arabic,NOT IN ALA II,Maine,No publisher,No date,Copy in TijProj,NULL,Unknown,uncat.,Begins: ʿaliqtu bi-khayr al-nās huwa khayr al-masnad/ṣalātun wa taslīmun ʿalā Tāhā Aḥmad
74,Fawz Allāh fī madḥ Rasūl Allāh,ʿUTHMĀN B. MUḤAMMAD B. SULAYMĀN (Usman Qarmawī),"Born in Raba, near Bida, he resides in Fogun (Old Bida city). He is a student of Muḥammad al-Naẓīfī al-Qarmawī (q.v.) of Kano, and spends most of his time between his hometown Fogun and Kano. His father was known as Etsu Umma. His paternal grandfather was known as Alfa Saganuwa",Poetry,Eulogy,Prophet,Arabic,NOT IN ALA II,Unknown,Unknown,Unknown,Copy in TijProj,NULL,Unknown,uncat.,Begins: Rasūl Allāh Miftāḥ al-khuyūr/ wa maʿdin kull faḍl wa al-surūr
75,Ḥabl al-khayrāt fī madḥ ṣāḥib al-darajāt,ʿUTHMĀN B. MUḤAMMAD B. SULAYMĀN (Usman Qarmawī),"Born in Raba, near Bida, he resides in Fogun (Old Bida city). He is a student of Muḥammad al-Naẓīfī al-Qarmawī (q.v.) of Kano, and spends most of his time between his hometown Fogun and Kano. His father was known as Etsu Umma. His paternal grandfather was known as Alfa Saganuwa",Poetry,Eulogy,Muḥammad al-Naẓīfī al-Qarmawī,Arabic,NOT IN ALA II,Maine,No publisher,No date,Copy in TijProj,4,Unknown,uncat.,"17.9	Ḥabl al-khayrāt fī madḥ ṣāḥib al-darajāt"
76,Ḥujjat al-‘āshiqīn fī al-radd ‘alà munkirī al-mādiḥīn,ʿUTHMĀN B. MUḤAMMAD B. SULAYMĀN (Usman Qarmawī),"Born in Raba, near Bida, he resides in Fogun (Old Bida city). He is a student of Muḥammad al-Naẓīfī al-Qarmawī (q.v.) of Kano, and spends most of his time between his hometown Fogun and Kano. His father was known as Etsu Umma. His paternal grandfather was known as Alfa Saganuwa",Poetry,Radd,Prophet,Nupe (ajami),NOT IN ALA II,Unknown,Unknown,Unknown,Photoccopy in TijProj,NULL,Unknown,uncat.,A response to some Salafis who criticize the Sufis for “exceeding” in their praises of the Prophet
77,Mafraḥ ahl Biddā fī madḥ man huwa madḥuhu li’l-khalq khayran wa mafkharan wa lā budda,ʿUTHMĀN B. MUḤAMMAD B. SULAYMĀN (Usman Qarmawī),"Born in Raba, near Bida, he resides in Fogun (Old Bida city). He is a student of Muḥammad al-Naẓīfī al-Qarmawī (q.v.) of Kano, and spends most of his time between his hometown Fogun and Kano. His father was known as Etsu Umma. His paternal grandfather was known as Alfa Saganuwa",Poetry,Eulogy,Prophet,Arabic,NOT IN ALA II,Maine,No publisher,2008,Copy in TijProj,NULL,Unknown,uncat.,Begins: Salām ʿalā al-Maḥmūd min ahl Biddā/ wa dhālika ʿUthmān Muḥammad Biddā
78,Maṭlab al-murīd fī tawassul bi-shaykhī al-majīd,ʿUTHMĀN B. MUḤAMMAD B. SULAYMĀN (Usman Qarmawī),"Born in Raba, near Bida, he resides in Fogun (Old Bida city). He is a student of Muḥammad al-Naẓīfī al-Qarmawī (q.v.) of Kano, and spends most of his time between his hometown Fogun and Kano. His father was known as Etsu Umma. His paternal grandfather was known as Alfa Saganuwa",Poetry,Devotional,Invocation,Arabic,NOT IN ALA II,Unknown,Unknown,Unknown,Copy in TijProj,NULL,Unknown,uncat.,A 10-verse poem of intercession through Aḥmad al-Tijānī. Begins: Unādīka ayā shaykhī al-Tijānī/ li-tadʿuwa lī bi-Rabbī Dhī al-iḥsān
79,Nayl al-khayrāt fī tawassul bi-sayyid al-sādāt,ʿUTHMĀN B. MUḤAMMAD B. SULAYMĀN (Usman Qarmawī),"Born in Raba, near Bida, he resides in Fogun (Old Bida city). He is a student of Muḥammad al-Naẓīfī al-Qarmawī (q.v.) of Kano, and spends most of his time between his hometown Fogun and Kano. His father was known as Etsu Umma. His paternal grandfather was known as Alfa Saganuwa",Poetry,Devotional,Invocation,Arabic,NOT IN ALA II,Unknown,Unknown,Unknown,Copy in TijProj,NULL,Unknown,uncat.,A 7-verses poem of intercession through the Prophet. Begins: Yā Rabb bi’l-Muṣṭafā wa’ftaḥ li-ʿabdika/ min faḍlin wa rizqin wa ʿilmin Rabb dūn kadi
80,Q. fī al-tawassul,ʿUTHMĀN B. MUḤAMMAD B. SULAYMĀN (Usman Qarmawī),"Born in Raba, near Bida, he resides in Fogun (Old Bida city). He is a student of Muḥammad al-Naẓīfī al-Qarmawī (q.v.) of Kano, and spends most of his time between his hometown Fogun and Kano. His father was known as Etsu Umma. His paternal grandfather was known as Alfa Saganuwa",Poetry,Devotional,Invocation,Arabic,NOT IN ALA II,Unknown,Unknown,Unknown,Photoccopy of ms in TijProj,NULL,Unknown,uncat.,A poem of intercession through the Prophet. Begins: ʿAliqtu bi-mamdūḥ al-anām Muḥammad/Jamīʿal-Ludhūdh ʿindahu thumma amladu
81,Surūr al-aḥbāb fī madḥ Nabiyyinā Muḥammad Sayyid al-anjāb,ʿUTHMĀN B. MUḤAMMAD B. SULAYMĀN (Usman Qarmawī),"Born in Raba, near Bida, he resides in Fogun (Old Bida city). He is a student of Muḥammad al-Naẓīfī al-Qarmawī (q.v.) of Kano, and spends most of his time between his hometown Fogun and Kano. His father was known as Etsu Umma. His paternal grandfather was known as Alfa Saganuwa",Poetry,Eulogy,Prophet,Arabic,NOT IN ALA II,Unknown,Unknown,Unknown,Photoccopy of ms in TijProj,NULL,Unknown,uncat.,Begins: Anūm bi-ḥamd Allāh dhikr Muṣṭafā/ wa ayqaẓa fīhi mādiḥan dūn mā khafā
82,Taṣabbur al-ikhwān fī marthiyyat wālida shaykhinā Muḥammad al-Naẓīfī al-Qarmawī al-Tijānī,ʿUTHMĀN B. MUḤAMMAD B. SULAYMĀN (Usman Qarmawī),"Born in Raba, near Bida, he resides in Fogun (Old Bida city). He is a student of Muḥammad al-Naẓīfī al-Qarmawī (q.v.) of Kano, and spends most of his time between his hometown Fogun and Kano. His father was known as Etsu Umma. His paternal grandfather was known as Alfa Saganuwa",Poetry,Elegy,Hājara,Arabic,NOT IN ALA II,Unknown,Unknown,Unknown,Photoccopy of ms in TijProj,NULL,Unknown,uncat.,An elegy dedicated to the mother of author’s teacher. Begins: Tarākam ḥuznī ikhwatī li-maniyyati/ li-wālidat shaykhī fa-ḥājiyā jaddatī
83,Tuḥfat al-aḥbāb fī madḥ shaykhinā Muḥammad al-Naẓīfī ḥubb nabiyyinā Muḥammad sayyid al-anjāb,ʿUTHMĀN B. MUḤAMMAD B. SULAYMĀN (Usman Qarmawī),"Born in Raba, near Bida, he resides in Fogun (Old Bida city). He is a student of Muḥammad al-Naẓīfī al-Qarmawī (q.v.) of Kano, and spends most of his time between his hometown Fogun and Kano. His father was known as Etsu Umma. His paternal grandfather was known as Alfa Saganuwa",Poetry,Eulogy,Muḥammad al-Naẓīfī al-Qarmawī,Arabic,NOT IN ALA II,Unknown,Unknown,Unknown,Photoccopy of ms in TijProj,NULL,Unknown,uncat.,Begins: Yazīd surūrī fī imāmī wa masnadī/ wa dhālika ʿAbd al-Wāḥid wa Muḥammad
84,Wasīlat al-suʿadā’ fī madḥ Sayyid al-kuramā’,ʿUTHMĀN B. MUḤAMMAD B. SULAYMĀN (Usman Qarmawī),"Born in Raba, near Bida, he resides in Fogun (Old Bida city). He is a student of Muḥammad al-Naẓīfī al-Qarmawī (q.v.) of Kano, and spends most of his time between his hometown Fogun and Kano. His father was known as Etsu Umma. His paternal grandfather was known as Alfa Saganuwa",Poetry,Elegy,Prophet,Arabic,NOT IN ALA II,Unknown,Unknown,Unknown,Photoccopy of ms in TijProj,NULL,Unknown,uncat.,Begins: Surūrī wa farḥī fī imam al-bariyya/ ʿalā kull ḥāl lastu ansāhu ikhwatī
85,Ḍiyā’ al-qābiḍ,YAḤYĀ B. JIBRĪL (Alƙalin Kutigi),"He was a Qaḍī in Kutigi, Bida",Poetry,Radd,Jurisprudence,Arabic,NOT IN ALA II,Unknown,Unknown,Unknown,Unknown,NULL,Unknown,Unknown,In support of folding the arms on the chest during ritual prayer. Commendation in verses by al-Ḥasan b. ‘Uthmān
86,Ḥujjat al-khāṣim bayna man aḥalla khams niswa wa-man aḥrama khams niswa,YAḤYĀ B. JIBRĪL (Alƙalin Kutigi),"He was a Qaḍī in Kutigi, Bida",Prose,Radd,Jurisprudence,Arabic,NOT IN ALA II,Maine,No publisher,No date,Copy in TijProj,11,Unknown,uncat.,Scribe: Muḥammad (Indajungi) b. ‘Abd al-Qādir. A work criticizing those who allow the marrying of five wives. Followed by a commendation by ‘Abd al-Qādir b. ‘Alī (q.v.) of Zaria
87,al-Ṣidq al-murr,YAḤYĀ B. JIBRĪL (Alƙalin Kutigi),"He was a Qaḍī in Kutigi, Bida",Poetry,Radd,Jurisprudence,Arabic,NOT IN ALA II,Unknown,Unknown,Unknown,Unknown,NULL,Unknown,Unknown,NULL
88,Taqrīẓ siyari,YAḤYĀ B. JIBRĪL (Alƙalin Kutigi),"He was a Qaḍī in Kutigi, Bida",Poetry,Occassional,Commendation,Arabic,NOT IN ALA II,Unknown,Unknown,Unknown,Unknown,NULL,Unknown,Unknown,"Commendation of Wazīr Muḥammad’s Siyeri, found on some ms copies of the latter"
